"Topic 1","Topic 2","Topic 3","Topic 4","Topic 5","Topic 6","Topic 7","Topic 8","Topic 9","Topic 10"
"hair","damage","baby","beautiful","yes","talk","pray","jesus","child","cannabidiol"
"prayers","insurance","feeding","shes","journey","children","prayers","today","girl","little"
"rather","pay","public","u2014","oil","deal","beat","pain","end","plant"
"waited","birth","million","ladies","ones","goes","sorry","husband","real","history"
"kick","sister","breastfeeding","anyone","experience","mean","horrible","face","turned","wrong"
"open","prayers","bra","mine","information","hair","shannon","walk","home","2015"
"ass","hear","babies","successful","hands","wasnt","praying","moment","idea","join"
"attitude","dear","true","link","huge","less","recovery","alot","fat","issue"
"control","ultrasound","child","brave","rick","fine","strength","matter","parenthood","involved"
"head","pap","wanted","questions","power","fun","hear","proud","dog","try"
"personal","dolls","beautiful","wrong","sorry","oncologist","thru","bone","team","posts"
"examination","beautiful","sense","happy","ill","chose","leave","lady","sad","agree"
"survived","shannon","wow","though","fighter","instead","doherty","terrible","caught","dense"
"mind","companies","picture","hair","hemp","stuff","thinking","amen","public","option"
"agree","waiting","wrong","radio","product","sad","anyone","lived","pick","proactive"
"matter","hysterectomy","book","thanks","click","allergies","lots","prayers","planned","active"
"choice","ones","pic","wonderful","saw","scary","mine","peace","fans","vegan"
"kit","cover","reconstruction","members","loss","seems","luck","boobs","pictures","reduces"
"little","yearly","itching","forward","shirt","lucky","hang","putting","breastcancer","threw"
"colon","hate","ultra","yesterday","follow","gurugram","send","strongest","line","awesome"
